timestamp,temperature,humidity
"datetime.datetime(2016, 11, 28, 13, 24, 47, 263234)",23.6,45
2016-11-28 13:29:02.698222,23.600000381469727,48.70000076293945
2016-11-28 13:29:04.225527,23.600000381469727,48.70000076293945
2016-11-28 13:29:08.279880,23.600000381469727,48.79999923706055
2016-11-28 13:29:17.388410,23.600000381469727,48.79999923706055
2016-11-28 13:29:23.975183,23.600000381469727,48.79999923706055
2016-11-28 13:29:28.029564,23.600000381469727,48.79999923706055
2016-11-28 13:29:32.084067,23.600000381469727,48.599998474121094
2016-11-28 13:29:51.303500,23.600000381469727,48.599998474121094
2016-11-28 13:29:55.357901,4.300000190734863,42.20000076293945
2016-11-28 13:29:56.884854,23.600000381469727,48.599998474121094
2016-11-28 13:30:03.466685,23.600000381469727,48.70000076293945
2016-11-28 13:30:20.166412,23.5,48.70000076293945
2016-11-28 13:30:21.694769,23.600000381469727,48.70000076293945
2016-11-28 13:30:33.337760,23.600000381469727,48.599998474121094
2016-11-28 13:30:52.571332,23.600000381469727,48.599998474121094
2016-11-28 13:30:56.628888,17.200000762939453,30.600000381469727
2016-11-28 13:31:13.436022,23.600000381469727,49.29999923706055
2016-11-28 13:31:22.827947,23.600000381469727,48.900001525878906
2016-11-28 13:31:31.947084,23.600000381469727,48.599998474121094
2016-11-28 13:31:58.784070,23.600000381469727,48.5
2016-11-28 13:32:05.368772,23.600000381469727,48.5
2016-11-28 13:32:11.041296,23.600000381469727,48.5
2016-11-28 13:32:14.457249,23.600000381469727,48.5
2016-11-28 13:32:42.272059,23.600000381469727,49.099998474121094
2016-11-28 13:32:43.799462,23.600000381469727,49.0
2016-11-28 13:32:47.854360,23.600000381469727,48.900001525878906
2016-11-28 13:32:49.381692,23.600000381469727,48.900001525878906
2016-11-28 13:32:50.908914,23.600000381469727,48.79999923706055
2016-11-28 13:32:52.436146,23.600000381469727,48.79999923706055
2016-11-28 13:33:01.545450,23.600000381469727,48.70000076293945
2016-11-28 13:33:09.788226,23.600000381469727,50.0
2016-11-28 13:33:18.898131,23.600000381469727,49.70000076293945
2016-11-28 13:33:22.955520,23.600000381469727,48.5
2016-11-28 13:33:42.551454,23.5,48.400001525878906
2016-11-28 13:33:44.078653,23.600000381469727,48.400001525878906
2016-11-28 13:33:48.132989,23.600000381469727,48.400001525878906
2016-11-28 13:33:49.660223,23.600000381469727,48.29999923706055
2016-11-28 13:33:56.240880,23.600000381469727,48.29999923706055
2016-11-28 13:33:57.768076,23.600000381469727,48.29999923706055
2016-11-28 13:33:59.295219,23.600000381469727,48.400001525878906
2016-11-28 13:34:08.406970,23.5,48.400001525878906
2016-11-28 13:34:09.934130,23.5,48.400001525878906
2016-11-28 13:34:11.461348,23.600000381469727,48.29999923706055
2016-11-28 13:34:25.627215,23.600000381469727,48.29999923706055
2016-11-28 13:34:32.209405,23.5,48.20000076293945
2016-11-28 13:34:39.798582,23.5,48.099998474121094
2016-11-28 13:34:44.263150,23.5,48.099998474121094
2016-11-28 13:34:48.320507,23.5,48.099998474121094
2016-11-28 13:34:50.998057,23.5,48.099998474121094
2016-11-28 13:34:57.586987,23.5,48.099998474121094
2016-11-28 13:35:01.647344,23.5,48.20000076293945
2016-11-28 13:35:32.239590,23.5,48.099998474121094
2016-11-28 13:35:43.878225,23.5,48.20000076293945
2016-11-28 13:35:47.935700,23.5,48.20000076293945
2016-11-28 13:35:49.462736,23.5,48.400001525878906
2016-11-28 13:35:50.989209,23.5,48.900001525878906
2016-11-28 13:35:55.046473,23.5,48.599998474121094
2016-11-28 13:36:06.690786,23.5,48.400001525878906
2016-11-28 13:36:10.743419,23.5,48.400001525878906
2016-11-28 13:36:22.423719,23.5,48.400001525878906
2016-11-28 13:36:23.950207,23.5,48.29999923706055
2016-11-28 13:36:30.537421,23.5,48.29999923706055
2016-11-28 13:36:34.594238,23.5,48.29999923706055
2016-11-28 13:36:36.121418,23.5,48.29999923706055
2016-11-28 13:36:37.647758,23.5,48.29999923706055
2016-11-28 13:36:46.769288,23.5,48.29999923706055
2016-11-28 13:36:48.296708,23.5,48.29999923706055
2016-11-28 13:36:57.407271,23.5,48.29999923706055
2016-11-28 13:37:09.044564,23.5,48.29999923706055
2016-11-28 13:37:20.684039,23.5,48.29999923706055
2016-11-28 13:37:34.865165,23.600000381469727,48.29999923706055
2016-11-28 13:37:57.199733,23.600000381469727,48.29999923706055
2016-11-28 13:38:03.785398,23.600000381469727,48.29999923706055
2016-11-28 13:38:11.162954,23.5,48.29999923706055
2016-11-28 13:38:12.691641,23.600000381469727,48.29999923706055
2016-11-28 13:38:14.218319,23.600000381469727,48.20000076293945
2016-11-28 13:38:25.859881,23.600000381469727,48.29999923706055
2016-11-28 13:38:27.386886,23.600000381469727,48.29999923706055
2016-11-28 13:38:31.441205,23.600000381469727,48.29999923706055
2016-11-28 13:38:35.495390,23.600000381469727,48.29999923706055
2016-11-28 13:38:37.022326,20.399999618530273,25.899999618530273
2016-11-28 13:38:38.549392,23.600000381469727,48.900001525878906
2016-11-28 13:39:02.841102,23.600000381469727,48.599998474121094
2016-11-28 13:39:14.622601,23.600000381469727,48.400001525878906
2016-11-28 13:39:26.256820,23.600000381469727,48.5
2016-11-28 13:39:30.310851,23.600000381469727,48.400001525878906
2016-11-28 13:39:48.368477,23.600000381469727,48.400001525878906
2016-11-28 13:39:52.424488,23.600000381469727,48.400001525878906
2016-11-28 13:39:54.186340,23.600000381469727,48.400001525878906
2016-11-28 13:39:55.714372,23.600000381469727,48.29999923706055
2016-11-28 13:39:57.242345,23.600000381469727,48.5
2016-11-28 13:40:01.297067,23.600000381469727,49.099998474121094
2016-11-28 13:40:02.824925,23.600000381469727,49.099998474121094
2016-11-28 13:40:04.352704,23.600000381469727,49.20000076293945
2016-11-28 13:40:05.880620,23.600000381469727,49.20000076293945
2016-11-28 13:40:07.408488,23.600000381469727,49.20000076293945
2016-11-28 13:40:08.936489,23.600000381469727,49.099998474121094
2016-11-28 13:40:10.464255,23.600000381469727,49.099998474121094
2016-11-28 13:40:11.991716,23.600000381469727,49.0
2016-11-28 13:40:13.518618,23.600000381469727,48.70000076293945
2016-11-28 13:40:20.106667,23.600000381469727,48.70000076293945
2016-11-28 13:40:21.634346,23.600000381469727,48.599998474121094
2016-11-28 13:40:23.161479,23.600000381469727,48.5
2016-11-28 13:40:24.688321,23.600000381469727,48.599998474121094
2016-11-28 13:40:26.215682,23.600000381469727,48.5
2016-11-28 13:40:27.743350,23.600000381469727,48.400001525878906
2016-11-28 13:40:31.797820,23.600000381469727,48.400001525878906
2016-11-28 13:40:35.851861,23.600000381469727,48.400001525878906
2016-11-28 13:40:37.378541,23.600000381469727,48.29999923706055
2016-11-28 13:40:38.905191,23.600000381469727,48.29999923706055
2016-11-28 13:40:40.431880,23.600000381469727,48.29999923706055
2016-11-28 13:40:41.959593,23.600000381469727,48.29999923706055
2016-11-28 13:40:43.487516,23.600000381469727,48.20000076293945
2016-11-28 13:40:57.653190,23.600000381469727,48.20000076293945
2016-11-28 13:41:01.707367,23.600000381469727,48.20000076293945
2016-11-28 13:41:03.234179,23.600000381469727,48.20000076293945
2016-11-28 13:41:04.760934,23.600000381469727,48.599998474121094
2016-11-28 13:41:06.287738,23.600000381469727,48.5
2016-11-28 13:41:07.814444,23.600000381469727,48.900001525878906
2016-11-28 13:41:14.396805,23.600000381469727,49.20000076293945
2016-11-28 13:41:15.924055,23.600000381469727,49.20000076293945
2016-11-28 13:41:17.450853,23.600000381469727,49.20000076293945
2016-11-28 13:41:18.977695,23.600000381469727,49.099998474121094
2016-11-28 13:41:20.504558,23.600000381469727,49.099998474121094
2016-11-28 13:41:22.031406,23.600000381469727,49.0
2016-11-28 13:41:23.558418,23.600000381469727,49.0
2016-11-28 13:41:25.085358,23.600000381469727,48.70000076293945
2016-11-28 13:41:29.140220,23.600000381469727,48.599998474121094
2016-11-28 13:41:30.667089,23.600000381469727,48.5
2016-11-28 13:41:34.726400,23.600000381469727,48.400001525878906
2016-11-28 13:41:36.254191,23.600000381469727,48.400001525878906
2016-11-28 13:41:37.781986,23.600000381469727,48.400001525878906
2016-11-28 13:41:39.309866,23.600000381469727,48.29999923706055
2016-11-28 13:41:40.837780,23.600000381469727,48.400001525878906
2016-11-28 13:41:42.365635,23.600000381469727,48.29999923706055
2016-11-28 13:41:48.949068,23.600000381469727,48.20000076293945
2016-11-28 13:41:50.477138,23.600000381469727,48.20000076293945
2016-11-28 13:41:54.532948,23.600000381469727,48.20000076293945
2016-11-28 13:41:56.060831,23.600000381469727,48.20000076293945
2016-11-28 13:41:57.588685,23.600000381469727,48.20000076293945
2016-11-28 13:41:59.116730,23.600000381469727,48.20000076293945
2016-11-28 13:42:00.644631,23.600000381469727,48.20000076293945
2016-11-28 13:42:02.172500,23.600000381469727,48.20000076293945
2016-11-28 13:42:03.700410,23.600000381469727,48.099998474121094
2016-11-28 13:42:05.228271,23.600000381469727,48.20000076293945
2016-11-28 13:42:06.756157,23.600000381469727,48.20000076293945
2016-11-28 13:42:08.283993,23.600000381469727,48.20000076293945
2016-11-28 13:42:09.811890,23.600000381469727,48.20000076293945
2016-11-28 13:42:11.339754,23.600000381469727,48.20000076293945
2016-11-28 13:42:12.867759,23.600000381469727,48.20000076293945
2016-11-28 13:42:14.395648,23.600000381469727,48.099998474121094
2016-11-28 13:42:18.474908,23.600000381469727,48.20000076293945
2016-11-28 13:42:20.003026,23.600000381469727,48.20000076293945
2016-11-28 13:42:24.058841,23.600000381469727,48.099998474121094
2016-11-28 13:42:30.642680,23.600000381469727,48.099998474121094
2016-11-28 13:42:32.170500,23.600000381469727,48.099998474121094
2016-11-28 13:42:33.698516,23.600000381469727,49.099998474121094
2016-11-28 13:42:42.811492,23.600000381469727,49.099998474121094
2016-11-28 13:42:44.338472,23.600000381469727,49.099998474121094
2016-11-28 13:42:45.866055,23.600000381469727,48.599998474121094
2016-11-28 13:42:55.365696,23.600000381469727,48.5
2016-11-28 13:42:59.421282,23.600000381469727,48.5
2016-11-28 13:43:00.948787,23.600000381469727,48.400001525878906
2016-11-28 13:43:02.476950,23.600000381469727,48.400001525878906
2016-11-28 13:43:04.004983,23.600000381469727,48.400001525878906
2016-11-28 13:43:05.533032,23.600000381469727,48.400001525878906
2016-11-28 13:43:07.061038,23.600000381469727,48.400001525878906
2016-11-28 13:43:08.587899,23.600000381469727,48.29999923706055
2016-11-28 13:43:13.888024,23.600000381469727,48.20000076293945
2016-11-28 13:43:15.416256,23.600000381469727,48.20000076293945
2016-11-28 13:43:16.944281,23.600000381469727,48.20000076293945
2016-11-28 13:43:19.206854,23.600000381469727,48.099998474121094
2016-11-28 13:43:23.262864,23.600000381469727,48.099998474121094
2016-11-28 13:43:24.789725,23.600000381469727,48.099998474121094
2016-11-28 13:43:26.317588,23.600000381469727,48.099998474121094
2016-11-28 13:43:27.844478,23.600000381469727,48.099998474121094
2016-11-28 13:43:29.371340,23.600000381469727,48.099998474121094
2016-11-28 13:43:30.898632,23.600000381469727,48.099998474121094
2016-11-28 13:43:32.426608,23.600000381469727,48.099998474121094
2016-11-28 13:43:33.953503,23.600000381469727,48.099998474121094
2016-11-28 13:43:35.480405,23.600000381469727,48.099998474121094
2016-11-28 13:43:42.066343,23.600000381469727,48.099998474121094
2016-11-28 13:43:43.593175,23.600000381469727,48.099998474121094
2016-11-28 13:43:45.120206,23.600000381469727,48.099998474121094
2016-11-28 13:43:48.391317,23.600000381469727,48.099998474121094
2016-11-28 13:43:49.918082,23.600000381469727,48.0
2016-11-28 13:43:51.445925,23.600000381469727,48.0
2016-11-28 13:43:52.973781,23.600000381469727,48.0
2016-11-28 13:43:54.501882,23.600000381469727,48.0
2016-11-28 13:43:58.556852,23.600000381469727,48.0
2016-11-28 13:44:00.084296,23.600000381469727,48.0
2016-11-28 13:44:04.139777,23.600000381469727,48.0
2016-11-28 13:44:05.666704,23.600000381469727,47.900001525878906
2016-11-28 13:44:17.301855,23.600000381469727,47.900001525878906
2016-11-28 13:44:18.828789,23.600000381469727,47.900001525878906
2016-11-28 13:44:20.355710,23.600000381469727,47.900001525878906
2016-11-28 13:44:21.882687,23.600000381469727,47.900001525878906
2016-11-28 13:44:23.409615,23.600000381469727,47.900001525878906
2016-11-28 13:44:24.936773,23.600000381469727,47.900001525878906
2016-11-28 13:44:28.992530,23.600000381469727,48.0
2016-11-28 13:44:30.519406,23.600000381469727,48.0
2016-11-28 13:44:32.047284,23.600000381469727,48.0
2016-11-28 13:44:33.574074,23.600000381469727,48.0
2016-11-28 13:44:35.100966,23.600000381469727,47.900001525878906
2016-11-28 13:44:45.571768,23.600000381469727,47.900001525878906
2016-11-28 13:44:47.098703,23.600000381469727,48.0
2016-11-28 13:44:51.153186,23.600000381469727,48.0
2016-11-28 13:44:52.679969,23.600000381469727,48.0
2016-11-28 13:44:54.206803,23.600000381469727,48.0
2016-11-28 13:44:55.733635,23.600000381469727,48.099998474121094
2016-11-28 13:44:59.789208,23.600000381469727,48.099998474121094
2016-11-28 13:45:01.316613,23.600000381469727,48.099998474121094
2016-11-28 13:45:02.844151,23.600000381469727,48.099998474121094
2016-11-28 13:45:04.370970,23.600000381469727,48.099998474121094
2016-11-28 13:45:05.898175,23.600000381469727,48.20000076293945
2016-11-28 13:45:15.011985,23.600000381469727,48.29999923706055
2016-11-28 13:45:29.180654,23.600000381469727,48.29999923706055
2016-11-28 13:45:30.707447,23.600000381469727,48.29999923706055
2016-11-28 13:45:34.762929,23.600000381469727,48.20000076293945
2016-11-28 13:45:36.289861,23.600000381469727,48.20000076293945
2016-11-28 13:45:42.871514,23.600000381469727,48.099998474121094
2016-11-28 13:45:44.398352,23.600000381469727,48.099998474121094
2016-11-28 13:45:45.925557,23.600000381469727,48.0
2016-11-28 13:45:49.982936,23.600000381469727,48.0
2016-11-28 13:45:51.510598,23.600000381469727,48.0
2016-11-28 13:45:55.569817,23.600000381469727,48.0
2016-11-28 13:45:57.097705,23.600000381469727,48.0
2016-11-28 13:46:01.151964,23.600000381469727,48.0
2016-11-28 13:46:02.678543,23.600000381469727,47.900001525878906
2016-11-28 13:46:09.269789,23.600000381469727,47.900001525878906
2016-11-28 13:46:13.327636,23.600000381469727,47.900001525878906
2016-11-28 13:46:14.854591,23.600000381469727,47.900001525878906
2016-11-28 13:46:16.382208,23.600000381469727,47.79999923706055
2016-11-28 13:46:17.909097,23.600000381469727,47.79999923706055
2016-11-28 13:46:19.436049,23.600000381469727,47.79999923706055
2016-11-28 13:46:23.490321,23.600000381469727,47.79999923706055
2016-11-28 13:46:25.017259,23.600000381469727,47.70000076293945
2016-11-28 13:46:31.600113,23.600000381469727,47.70000076293945
2016-11-28 13:46:33.126972,23.600000381469727,47.70000076293945
2016-11-28 13:46:34.654149,23.600000381469727,47.70000076293945
2016-11-28 13:46:36.181293,23.600000381469727,47.70000076293945
2016-11-28 13:46:40.234904,23.600000381469727,47.70000076293945
2016-11-28 13:46:41.762975,23.600000381469727,47.70000076293945
2016-11-28 13:46:43.289911,23.600000381469727,47.70000076293945
2016-11-28 13:46:44.816983,23.600000381469727,47.70000076293945
2016-11-28 13:46:46.345004,23.600000381469727,47.70000076293945
2016-11-28 13:46:47.872842,23.600000381469727,47.70000076293945
2016-11-28 13:46:49.400594,23.600000381469727,47.70000076293945
2016-11-28 13:46:50.928372,23.600000381469727,47.79999923706055
2016-11-28 13:46:54.984282,23.600000381469727,47.79999923706055
2016-11-28 13:46:59.040206,23.600000381469727,47.79999923706055
2016-11-28 13:47:00.568079,23.600000381469727,47.79999923706055
2016-11-28 13:47:07.157229,23.600000381469727,47.79999923706055
2016-11-28 13:47:11.212991,23.600000381469727,47.79999923706055
2016-11-28 13:47:12.740791,23.600000381469727,47.79999923706055
2016-11-28 13:47:14.268790,23.600000381469727,47.79999923706055
2016-11-28 13:47:20.853019,23.600000381469727,47.79999923706055
2016-11-28 13:47:22.380184,23.600000381469727,47.79999923706055
2016-11-28 13:47:23.908120,23.600000381469727,47.79999923706055
2016-11-28 13:47:25.435059,23.600000381469727,47.79999923706055
2016-11-28 13:47:29.489939,23.600000381469727,47.79999923706055
2016-11-28 13:47:33.544253,23.600000381469727,47.900001525878906
2016-11-28 13:47:35.071175,23.600000381469727,47.79999923706055
2016-11-28 13:47:36.599130,23.600000381469727,47.900001525878906
2016-11-28 13:47:45.711940,23.600000381469727,48.0
2016-11-28 13:47:47.238622,23.600000381469727,48.099998474121094
2016-11-28 13:47:51.292588,23.600000381469727,48.099998474121094
2016-11-28 13:47:52.819359,23.600000381469727,48.099998474121094
2016-11-28 13:47:54.346289,23.600000381469727,48.099998474121094
2016-11-28 13:47:55.873442,23.600000381469727,48.099998474121094
2016-11-28 13:47:57.401194,23.600000381469727,48.099998474121094
2016-11-28 13:47:58.927896,23.600000381469727,48.099998474121094
2016-11-28 13:48:02.982742,23.600000381469727,48.099998474121094
2016-11-28 13:48:07.037766,23.600000381469727,48.099998474121094
2016-11-28 13:48:08.585850,23.600000381469727,48.099998474121094
2016-11-28 13:48:10.113536,23.600000381469727,48.0
2016-11-28 13:48:11.641183,23.600000381469727,48.0
2016-11-28 13:48:13.168803,23.600000381469727,48.0
2016-11-28 13:48:14.696728,23.600000381469727,48.0
2016-11-28 13:48:16.223849,23.600000381469727,48.0
2016-11-28 13:48:17.751295,23.600000381469727,48.0
2016-11-28 13:48:21.806101,23.600000381469727,48.0
2016-11-28 13:48:23.332896,23.600000381469727,48.0
2016-11-28 13:48:24.859827,23.600000381469727,48.0
2016-11-28 13:48:28.914629,23.600000381469727,48.0
2016-11-28 13:48:30.441559,23.600000381469727,47.900001525878906
2016-11-28 13:48:31.969121,23.600000381469727,47.900001525878906
2016-11-28 13:48:33.496091,23.600000381469727,47.900001525878906
2016-11-28 13:48:35.023021,23.600000381469727,47.900001525878906
2016-11-28 13:48:39.078014,23.600000381469727,47.900001525878906
2016-11-28 13:48:40.604933,23.600000381469727,47.900001525878906
2016-11-28 13:48:44.664708,23.600000381469727,47.900001525878906
2016-11-28 13:48:48.721799,23.600000381469727,47.900001525878906
2016-11-28 13:49:03.039990,23.600000381469727,48.0
2016-11-28 13:49:04.566899,23.600000381469727,48.0
2016-11-28 13:49:11.152868,23.600000381469727,48.0
2016-11-28 13:49:15.208294,23.600000381469727,48.0
2016-11-28 13:49:16.736103,23.600000381469727,48.0
2016-11-28 13:49:18.262795,23.600000381469727,48.0
2016-11-28 13:49:19.789567,23.600000381469727,48.0
2016-11-28 13:49:21.316962,23.600000381469727,48.0
2016-11-28 13:49:22.843673,23.600000381469727,48.0
2016-11-28 13:49:24.370399,23.600000381469727,48.0
2016-11-28 13:49:28.424148,23.600000381469727,48.0
2016-11-28 13:49:29.950859,23.600000381469727,48.0
2016-11-28 13:49:31.478709,23.600000381469727,48.0
2016-11-28 13:49:33.006564,23.600000381469727,48.0
2016-11-28 13:49:34.534409,23.600000381469727,48.0
2016-11-28 13:49:36.062225,23.600000381469727,48.0
2016-11-28 13:49:37.589668,23.600000381469727,48.0
2016-11-28 13:49:39.116459,23.600000381469727,48.0
2016-11-28 13:49:43.170167,23.600000381469727,48.099998474121094
2016-11-28 13:49:44.696979,23.600000381469727,48.099998474121094
2016-11-28 13:49:46.223789,23.600000381469727,48.099998474121094
2016-11-28 13:49:47.750546,23.600000381469727,48.099998474121094
2016-11-28 13:49:49.277331,23.600000381469727,48.099998474121094
2016-11-28 13:49:53.331323,23.600000381469727,48.099998474121094
2016-11-28 13:49:57.386460,23.600000381469727,48.099998474121094
2016-11-28 13:49:58.914430,23.600000381469727,48.099998474121094
2016-11-28 13:50:02.969395,23.600000381469727,48.099998474121094
2016-11-28 13:50:04.496310,23.600000381469727,48.0
2016-11-28 13:50:06.023390,23.600000381469727,48.0
2016-11-28 13:50:10.077357,23.600000381469727,48.0
2016-11-28 13:50:11.604769,23.600000381469727,48.0
2016-11-28 13:50:13.131586,23.600000381469727,48.0
2016-11-28 13:50:14.658404,23.600000381469727,48.0
2016-11-28 13:50:16.185545,23.600000381469727,48.0
2016-11-28 13:50:17.713640,23.600000381469727,48.0
2016-11-28 13:50:19.241334,23.600000381469727,48.0
2016-11-28 13:50:20.768118,23.600000381469727,48.0
2016-11-28 13:50:22.295905,23.600000381469727,48.0
2016-11-28 13:50:23.823687,23.600000381469727,47.900001525878906
2016-11-28 13:50:25.350582,23.600000381469727,47.900001525878906
2016-11-28 13:50:29.404844,23.600000381469727,47.900001525878906
2016-11-28 13:50:30.932118,23.600000381469727,47.900001525878906
2016-11-28 13:50:32.459688,23.600000381469727,48.0
2016-11-28 13:50:46.404984,23.600000381469727,48.0
2016-11-28 13:50:48.143647,23.600000381469727,48.0
2016-11-28 13:50:57.256873,23.600000381469727,48.0
2016-11-28 13:51:01.313218,23.600000381469727,47.900001525878906
2016-11-28 13:51:02.841890,23.600000381469727,47.900001525878906
2016-11-28 13:51:04.369823,23.600000381469727,47.900001525878906
2016-11-28 13:51:05.897675,23.600000381469727,47.900001525878906
2016-11-28 13:51:07.425585,23.600000381469727,47.900001525878906
2016-11-28 13:51:11.481534,23.600000381469727,47.900001525878906
2016-11-28 13:51:13.010021,23.600000381469727,47.900001525878906
2016-11-28 13:51:14.538619,23.600000381469727,48.0
2016-11-28 13:51:18.617832,23.600000381469727,48.0
2016-11-28 13:51:20.144950,23.600000381469727,48.20000076293945
2016-11-28 13:51:36.839330,23.600000381469727,48.20000076293945
2016-11-28 13:51:38.367987,23.600000381469727,48.20000076293945
2016-11-28 13:51:42.428596,23.600000381469727,48.20000076293945
2016-11-28 13:51:43.955791,23.600000381469727,48.099998474121094
2016-11-28 13:51:50.538286,23.600000381469727,48.099998474121094
2016-11-28 13:51:54.592725,23.600000381469727,48.099998474121094
2016-11-28 13:51:56.120466,23.600000381469727,48.099998474121094
2016-11-28 13:51:57.648927,23.600000381469727,48.099998474121094
2016-11-28 13:52:01.705543,23.600000381469727,48.099998474121094
2016-11-28 13:52:03.233894,23.600000381469727,48.099998474121094
2016-11-28 13:52:04.761299,23.5,48.099998474121094
2016-11-28 13:52:11.347245,23.600000381469727,48.099998474121094
2016-11-28 13:52:15.403704,23.600000381469727,48.099998474121094
2016-11-28 13:52:16.932206,23.600000381469727,48.099998474121094
2016-11-28 13:52:18.460649,23.600000381469727,48.099998474121094
2016-11-28 13:52:19.989093,23.600000381469727,48.20000076293945
2016-11-28 13:52:21.517812,23.600000381469727,48.099998474121094
2016-11-28 13:52:23.046261,23.600000381469727,48.20000076293945
2016-11-28 13:52:24.574805,23.600000381469727,48.20000076293945
2016-11-28 13:52:26.103230,23.600000381469727,48.099998474121094
2016-11-28 13:52:27.631751,23.600000381469727,48.099998474121094
2016-11-28 13:52:29.160190,23.600000381469727,48.099998474121094
2016-11-28 13:52:30.688634,23.600000381469727,48.099998474121094
2016-11-28 13:52:32.217443,23.600000381469727,48.099998474121094
2016-11-28 13:52:38.801945,23.600000381469727,48.400001525878906
2016-11-28 13:52:40.330340,23.600000381469727,48.5
2016-11-28 13:52:41.858719,23.5,48.70000076293945
2016-11-28 13:52:43.405384,23.600000381469727,48.70000076293945
2016-11-28 13:52:49.990148,23.600000381469727,48.599998474121094
2016-11-28 13:52:51.518700,23.600000381469727,48.599998474121094
2016-11-28 13:52:53.047360,23.600000381469727,48.5
2016-11-28 13:52:54.594238,23.600000381469727,48.5
2016-11-28 13:52:56.122838,23.600000381469727,48.5
2016-11-28 13:52:57.651360,23.600000381469727,48.5
2016-11-28 13:52:59.179799,23.600000381469727,48.5
2016-11-28 13:53:00.708388,23.600000381469727,48.5
2016-11-28 13:53:02.237003,23.600000381469727,48.599998474121094
2016-11-28 13:53:06.297163,23.600000381469727,48.599998474121094
2016-11-28 13:53:07.825582,23.600000381469727,48.599998474121094
2016-11-28 13:53:09.354096,23.600000381469727,48.79999923706055
2016-11-28 13:53:13.409920,23.600000381469727,48.900001525878906
2016-11-28 13:53:14.938541,23.5,49.0
2016-11-28 13:53:16.487340,23.600000381469727,49.099998474121094
2016-11-28 13:53:18.016405,23.600000381469727,49.099998474121094
2016-11-28 13:53:19.544937,23.600000381469727,49.099998474121094
2016-11-28 13:53:21.073484,23.600000381469727,49.099998474121094
2016-11-28 13:53:22.602118,23.600000381469727,49.099998474121094
2016-11-28 13:53:24.130588,23.600000381469727,49.099998474121094
2016-11-28 13:53:25.657786,23.600000381469727,49.0
2016-11-28 13:53:27.186306,23.600000381469727,49.0
2016-11-28 13:53:28.714895,23.600000381469727,48.900001525878906
2016-11-28 13:53:32.771348,23.600000381469727,48.599998474121094
2016-11-28 13:53:36.827206,23.600000381469727,48.599998474121094
2016-11-28 13:53:40.883103,23.600000381469727,48.599998474121094
2016-11-28 13:53:42.411646,23.600000381469727,48.599998474121094
2016-11-28 13:53:43.940141,23.600000381469727,48.599998474121094
2016-11-28 13:53:50.523848,23.600000381469727,48.599998474121094
2016-11-28 13:53:52.052456,23.600000381469727,48.599998474121094
2016-11-28 13:53:53.580987,23.600000381469727,48.599998474121094
2016-11-28 13:53:55.109485,23.600000381469727,48.599998474121094
2016-11-28 13:53:59.166269,23.600000381469727,48.70000076293945
2016-11-28 13:54:00.710389,23.600000381469727,48.70000076293945
2016-11-28 13:54:02.239276,23.600000381469727,48.70000076293945
2016-11-28 13:54:08.824119,23.600000381469727,48.599998474121094
2016-11-28 13:54:10.351515,23.600000381469727,48.599998474121094
2016-11-28 13:54:14.411436,23.600000381469727,48.599998474121094
2016-11-28 13:54:15.939295,23.600000381469727,48.5
2016-11-28 13:54:21.040282,23.600000381469727,48.400001525878906
2016-11-28 13:54:22.569257,23.600000381469727,48.400001525878906
2016-11-28 13:54:24.098049,23.600000381469727,48.29999923706055
2016-11-28 13:54:25.626754,23.600000381469727,48.099998474121094
2016-11-28 13:54:32.209803,23.600000381469727,48.099998474121094
2016-11-28 13:54:33.738639,23.600000381469727,48.099998474121094
2016-11-28 13:54:35.267491,23.700000762939453,48.099998474121094
2016-11-28 13:54:39.325620,23.600000381469727,48.099998474121094
2016-11-28 13:54:43.379453,23.600000381469727,48.099998474121094
2016-11-28 13:54:44.908047,23.600000381469727,48.20000076293945
2016-11-28 13:54:46.436562,23.600000381469727,48.099998474121094
2016-11-28 13:54:48.288969,23.700000762939453,48.099998474121094
2016-11-28 13:54:52.345651,23.600000381469727,48.099998474121094
2016-11-28 13:54:56.402355,23.700000762939453,48.099998474121094
2016-11-28 13:54:57.931015,23.600000381469727,48.20000076293945
2016-11-28 13:54:59.459592,23.600000381469727,48.20000076293945
2016-11-28 13:55:00.988067,23.600000381469727,48.29999923706055
2016-11-28 13:55:05.042455,23.700000762939453,48.29999923706055
2016-11-28 13:55:06.571077,23.700000762939453,48.29999923706055
2016-11-28 13:55:08.099620,23.700000762939453,48.29999923706055
2016-11-28 13:55:09.647759,23.700000762939453,48.400001525878906
2016-11-28 13:55:11.176697,23.700000762939453,48.400001525878906
2016-11-28 13:55:12.705204,23.600000381469727,48.400001525878906
2016-11-28 13:55:14.233684,23.700000762939453,48.5
2016-11-28 13:55:15.762381,23.600000381469727,48.5
2016-11-28 13:55:17.290844,23.700000762939453,48.5
2016-11-28 13:55:18.819440,23.700000762939453,48.5
2016-11-28 13:55:20.348353,23.700000762939453,48.5
2016-11-28 13:55:24.404950,23.700000762939453,48.5
2016-11-28 13:55:25.933448,23.700000762939453,48.599998474121094
2016-11-28 13:55:27.462128,23.700000762939453,48.599998474121094
2016-11-28 13:55:28.990595,23.700000762939453,48.599998474121094
2016-11-28 13:55:30.519137,23.700000762939453,48.599998474121094
2016-11-28 13:55:32.047895,23.700000762939453,48.599998474121094
2016-11-28 13:55:33.576444,23.700000762939453,48.599998474121094
2016-11-28 13:55:35.104999,23.700000762939453,48.70000076293945
2016-11-28 13:55:39.161764,23.700000762939453,48.70000076293945
2016-11-28 13:55:40.690362,23.700000762939453,48.70000076293945
2016-11-28 13:55:42.219012,23.700000762939453,48.70000076293945
2016-11-28 13:55:43.747834,23.700000762939453,48.70000076293945
2016-11-28 13:55:45.276423,23.700000762939453,48.70000076293945
2016-11-28 13:55:46.803728,23.700000762939453,48.70000076293945
2016-11-28 13:55:48.331016,23.700000762939453,48.70000076293945
2016-11-28 13:55:52.387028,23.700000762939453,48.70000076293945
2016-11-28 13:55:53.915606,23.700000762939453,48.70000076293945
2016-11-28 13:55:55.442936,23.700000762939453,48.70000076293945
2016-11-28 13:55:59.499753,23.700000762939453,48.70000076293945
2016-11-28 13:56:01.028456,23.700000762939453,48.5
2016-11-28 13:56:02.557131,23.700000762939453,48.70000076293945
2016-11-28 13:56:04.085803,23.700000762939453,48.599998474121094
2016-11-28 13:56:05.613040,23.700000762939453,48.599998474121094
2016-11-28 13:56:07.140931,23.700000762939453,48.5
2016-11-28 13:56:16.251537,23.700000762939453,48.5
2016-11-28 13:56:20.308357,23.700000762939453,48.599998474121094
2016-11-28 13:56:24.365052,23.700000762939453,48.599998474121094
2016-11-28 13:56:28.421667,23.700000762939453,48.599998474121094
2016-11-28 13:56:32.478453,23.700000762939453,48.599998474121094
2016-11-28 13:56:34.007106,23.700000762939453,48.599998474121094
2016-11-28 13:56:38.063732,23.700000762939453,48.599998474121094
2016-11-28 13:56:39.607973,23.700000762939453,48.599998474121094
2016-11-28 13:56:43.662454,23.700000762939453,48.599998474121094
2016-11-28 13:56:45.189704,23.700000762939453,48.599998474121094
2016-11-28 13:56:49.246479,23.700000762939453,48.599998474121094
2016-11-28 13:56:53.306559,23.700000762939453,48.599998474121094
2016-11-28 13:56:57.363179,23.700000762939453,48.599998474121094
2016-11-28 13:56:58.891905,23.700000762939453,48.5
2016-11-28 13:57:05.481509,23.700000762939453,48.400001525878906
2016-11-28 13:57:07.009922,23.700000762939453,48.29999923706055
2016-11-28 13:57:08.538565,23.700000762939453,48.400001525878906
2016-11-28 13:57:10.067173,23.700000762939453,48.400001525878906
2016-11-28 13:57:14.123704,23.700000762939453,48.29999923706055
2016-11-28 13:57:15.652264,23.700000762939453,48.20000076293945
2016-11-28 13:57:22.240294,23.700000762939453,48.099998474121094
2016-11-28 13:57:23.768875,23.700000762939453,48.099998474121094
2016-11-28 13:57:27.825627,23.700000762939453,48.099998474121094
2016-11-28 13:57:31.880874,23.700000762939453,48.099998474121094
2016-11-28 13:57:33.408118,23.700000762939453,48.099998474121094
2016-11-28 13:57:34.935410,23.700000762939453,48.099998474121094
2016-11-28 13:57:41.520230,23.700000762939453,48.0
2016-11-28 13:57:43.048746,23.700000762939453,48.099998474121094
2016-11-28 13:57:44.602110,23.600000381469727,48.099998474121094
2016-11-28 13:57:46.129883,23.700000762939453,48.20000076293945
2016-11-28 13:57:50.188525,23.700000762939453,48.20000076293945
2016-11-28 13:57:54.248226,23.700000762939453,48.20000076293945
2016-11-28 13:57:58.307819,23.700000762939453,48.20000076293945
2016-11-28 13:58:07.423735,23.700000762939453,48.20000076293945
2016-11-28 13:58:11.483466,23.700000762939453,48.20000076293945
2016-11-28 13:58:15.543047,23.700000762939453,48.20000076293945
2016-11-28 13:58:19.626915,23.700000762939453,48.0
2016-11-28 13:58:23.684244,23.700000762939453,48.20000076293945
2016-11-28 13:58:27.741405,23.700000762939453,48.20000076293945
2016-11-28 13:58:29.268531,23.700000762939453,48.20000076293945
2016-11-28 13:58:33.324320,23.700000762939453,48.20000076293945
2016-11-28 13:58:34.852767,23.700000762939453,48.20000076293945
2016-11-28 13:58:38.912622,23.700000762939453,48.20000076293945
2016-11-28 13:58:40.440978,23.700000762939453,48.20000076293945
2016-11-28 13:58:41.969508,23.700000762939453,48.099998474121094
2016-11-28 13:58:43.498108,23.700000762939453,48.099998474121094
2016-11-28 13:58:45.026633,23.700000762939453,48.20000076293945
2016-11-28 13:58:46.555003,23.700000762939453,48.20000076293945
2016-11-28 13:58:48.083304,23.700000762939453,48.29999923706055
2016-11-28 13:58:49.611927,23.700000762939453,48.20000076293945
2016-11-28 13:58:51.140199,23.700000762939453,48.20000076293945
2016-11-28 13:58:52.667852,23.700000762939453,48.29999923706055
2016-11-28 13:58:59.251742,23.700000762939453,48.29999923706055
2016-11-28 13:59:00.803197,23.700000762939453,48.29999923706055
2016-11-28 13:59:04.862385,23.700000762939453,48.400001525878906
2016-11-28 13:59:06.391600,23.700000762939453,48.400001525878906
2016-11-28 13:59:07.920657,23.700000762939453,48.400001525878906
2016-11-28 13:59:11.982607,23.700000762939453,48.400001525878906
2016-11-28 13:59:13.510104,23.700000762939453,48.400001525878906
2016-11-28 13:59:15.037565,23.700000762939453,48.400001525878906
2016-11-28 13:59:19.098430,23.700000762939453,48.400001525878906
2016-11-28 13:59:20.627522,23.700000762939453,48.5
2016-11-28 13:59:24.684628,23.700000762939453,48.400001525878906
2016-11-28 13:59:28.739374,23.700000762939453,48.5
2016-11-28 13:59:30.268902,23.700000762939453,49.29999923706055
2016-11-28 13:59:36.858016,23.700000762939453,50.29999923706055
2016-11-28 13:59:43.709596,23.700000762939453,51.70000076293945
2016-11-28 13:59:45.238204,23.700000762939453,52.599998474121094
2016-11-28 13:59:46.767020,23.700000762939453,52.5
2016-11-28 13:59:53.353534,23.700000762939453,51.599998474121094
2016-11-28 13:59:54.882245,23.700000762939453,50.099998474121094
2016-11-28 14:00:01.467886,23.700000762939453,49.5
2016-11-28 14:00:07.657329,23.700000762939453,49.099998474121094
2016-11-28 14:00:09.184662,23.700000762939453,49.099998474121094
2016-11-28 14:00:10.712360,23.700000762939453,48.900001525878906
2016-11-28 14:00:12.240310,23.700000762939453,48.900001525878906
2016-11-28 14:00:13.767693,23.700000762939453,48.70000076293945
2016-11-28 14:00:22.369628,23.700000762939453,48.70000076293945
2016-11-28 14:00:23.898542,23.700000762939453,48.70000076293945
2016-11-28 14:00:25.427428,23.700000762939453,48.79999923706055
2016-11-28 14:00:26.956061,23.600000381469727,48.79999923706055
2016-11-28 14:00:28.484647,23.600000381469727,48.79999923706055
2016-11-28 14:00:30.013280,23.600000381469727,48.29999923706055
2016-11-28 14:00:41.652424,23.600000381469727,48.29999923706055
2016-11-28 14:00:43.916906,23.600000381469727,48.29999923706055
2016-11-28 14:00:45.445273,23.600000381469727,48.20000076293945
2016-11-28 14:00:49.499579,23.600000381469727,48.20000076293945
2016-11-28 14:00:53.577189,23.600000381469727,48.099998474121094
2016-11-28 14:00:55.104413,23.600000381469727,48.099998474121094
2016-11-28 14:00:56.632797,23.600000381469727,48.099998474121094
2016-11-28 14:00:58.160638,23.600000381469727,48.099998474121094
2016-11-28 14:00:59.687812,23.600000381469727,48.099998474121094
2016-11-28 14:01:03.743484,23.600000381469727,48.099998474121094
2016-11-28 14:01:05.272138,23.600000381469727,48.099998474121094
2016-11-28 14:01:06.799309,23.600000381469727,48.099998474121094
2016-11-28 14:01:10.854498,23.600000381469727,48.099998474121094
2016-11-28 14:01:12.381615,23.600000381469727,48.099998474121094
2016-11-28 14:01:13.908772,23.600000381469727,48.099998474121094
2016-11-28 14:01:15.436039,23.600000381469727,48.099998474121094
2016-11-28 14:01:19.490393,23.600000381469727,48.099998474121094
2016-11-28 14:01:21.039724,23.600000381469727,48.099998474121094
2016-11-28 14:01:22.568783,23.600000381469727,48.099998474121094
2016-11-28 14:01:24.097516,23.600000381469727,48.099998474121094
2016-11-28 14:01:30.679430,23.600000381469727,48.099998474121094
2016-11-28 14:01:32.208008,23.600000381469727,48.0
2016-11-28 14:01:33.736255,23.600000381469727,48.0
2016-11-28 14:01:35.264615,23.600000381469727,48.0
2016-11-28 14:01:41.854563,23.600000381469727,48.0
2016-11-28 14:01:50.969773,23.600000381469727,48.0
2016-11-28 14:01:52.498224,23.600000381469727,48.099998474121094
2016-11-28 14:01:54.026647,23.600000381469727,48.099998474121094
2016-11-28 14:01:58.082251,23.600000381469727,48.099998474121094
2016-11-28 14:01:59.609437,23.600000381469727,48.099998474121094
2016-11-28 14:02:03.664307,23.600000381469727,48.099998474121094
2016-11-28 14:02:05.191541,23.600000381469727,48.099998474121094
2016-11-28 14:02:11.775465,23.600000381469727,48.20000076293945
2016-11-28 14:02:18.357034,23.600000381469727,48.20000076293945
2016-11-28 14:02:19.884237,23.600000381469727,48.099998474121094
2016-11-28 14:02:23.939430,23.600000381469727,48.099998474121094
2016-11-28 14:02:25.466674,23.600000381469727,48.099998474121094
2016-11-28 14:02:26.994565,23.600000381469727,48.099998474121094
2016-11-28 14:02:28.521757,23.600000381469727,48.0
2016-11-28 14:02:32.578471,23.600000381469727,48.0
2016-11-28 14:02:34.105581,23.600000381469727,48.099998474121094
2016-11-28 14:02:40.692059,23.600000381469727,48.099998474121094
2016-11-28 14:02:44.747440,23.5,48.20000076293945
2016-11-28 14:02:49.171816,23.600000381469727,48.20000076293945
2016-11-28 14:02:50.698983,23.600000381469727,48.20000076293945
2016-11-28 14:02:52.227440,23.600000381469727,48.20000076293945
2016-11-28 14:02:56.282606,23.600000381469727,48.20000076293945
2016-11-28 14:02:57.810178,23.600000381469727,48.20000076293945
2016-11-28 14:03:01.866020,23.600000381469727,48.20000076293945
2016-11-28 14:03:05.927854,23.600000381469727,48.20000076293945
2016-11-28 14:03:07.456287,23.5,48.20000076293945
2016-11-28 14:03:08.984790,23.5,48.20000076293945
2016-11-28 14:03:10.513254,23.600000381469727,48.20000076293945
2016-11-28 14:03:12.041796,23.600000381469727,48.099998474121094
2016-11-28 14:03:13.587999,23.600000381469727,48.099998474121094
2016-11-28 14:03:17.650248,23.5,48.099998474121094
2016-11-28 14:03:19.177444,23.600000381469727,48.099998474121094
2016-11-28 14:03:20.704597,23.5,48.099998474121094
2016-11-28 14:03:22.231834,23.5,48.099998474121094
2016-11-28 14:03:26.286970,23.5,48.099998474121094
2016-11-28 14:03:32.869403,23.5,48.099998474121094
2016-11-28 14:03:34.421585,23.5,48.099998474121094
2016-11-28 14:03:35.949504,23.5,48.099998474121094
2016-11-28 14:03:42.534098,23.5,48.099998474121094
2016-11-28 14:03:46.589291,23.5,48.099998474121094
2016-11-28 14:03:48.116534,23.5,48.099998474121094
2016-11-28 14:03:49.643730,23.5,48.099998474121094
2016-11-28 14:03:51.171536,23.5,48.099998474121094
2016-11-28 14:03:55.226015,23.5,48.099998474121094
2016-11-28 14:03:56.754336,23.5,48.5
2016-11-28 14:04:03.336437,23.5,48.400001525878906
2016-11-28 14:04:07.392124,23.5,48.29999923706055
2016-11-28 14:04:08.920952,23.5,48.29999923706055
2016-11-28 14:04:10.449819,23.5,48.20000076293945
2016-11-28 14:04:14.533401,23.5,48.20000076293945
2016-11-28 14:04:18.593388,23.5,48.5
2016-11-28 14:04:22.650400,23.5,48.79999923706055
2016-11-28 14:04:26.709061,23.5,48.79999923706055
2016-11-28 14:04:28.236252,23.5,48.79999923706055
2016-11-28 14:04:29.763323,23.5,48.79999923706055
2016-11-28 14:04:33.821533,23.5,48.79999923706055
2016-11-28 14:04:35.348833,23.5,48.79999923706055
2016-11-28 14:04:36.875996,23.5,48.79999923706055
2016-11-28 14:04:38.403190,23.5,48.79999923706055
2016-11-28 14:04:39.959476,23.5,48.70000076293945
2016-11-28 14:04:46.544365,23.5,49.099998474121094
2016-11-28 14:04:50.625307,23.5,49.20000076293945
2016-11-28 14:04:52.155908,23.5,49.599998474121094
2016-11-28 14:05:01.293593,23.5,49.5
2016-11-28 14:05:02.822421,23.5,50.400001525878906
2016-11-28 14:05:09.411275,23.5,51.099998474121094
2016-11-28 14:05:13.471223,23.5,50.79999923706055
2016-11-28 14:05:14.998641,23.600000381469727,50.400001525878906
2016-11-28 14:05:19.054055,23.5,49.79999923706055
2016-11-28 14:05:23.111079,23.5,49.5
2016-11-28 14:05:24.639936,23.5,49.400001525878906
2016-11-28 14:05:26.168741,23.5,49.400001525878906
2016-11-28 14:05:27.697601,23.600000381469727,49.099998474121094
2016-11-28 14:05:31.758280,23.5,48.900001525878906
2016-11-28 14:05:33.287018,23.5,48.79999923706055
2016-11-28 14:05:34.815589,23.5,48.599998474121094
2016-11-28 14:05:38.872473,23.5,48.599998474121094
2016-11-28 14:05:40.401513,23.5,48.5
2016-11-28 14:05:41.930335,23.5,48.5
2016-11-28 14:05:43.459112,23.5,48.5
2016-11-28 14:05:44.986421,23.5,48.400001525878906
2016-11-28 14:05:46.514903,23.5,48.400001525878906
2016-11-28 14:05:48.042766,23.5,48.400001525878906
2016-11-28 14:05:49.569919,23.5,48.29999923706055
2016-11-28 14:05:51.096464,23.5,48.29999923706055
2016-11-28 14:05:52.623751,23.5,48.29999923706055
2016-11-28 14:05:54.151042,23.5,48.29999923706055
2016-11-28 14:05:55.678461,23.5,50.599998474121094
2016-11-28 14:06:07.319057,23.5,51.099998474121094
2016-11-28 14:06:08.848060,23.5,50.20000076293945
2016-11-28 14:06:15.431044,23.5,50.099998474121094
2016-11-28 14:06:16.959717,23.5,48.900001525878906
2016-11-28 14:06:31.130063,23.5,49.0
2016-11-28 14:06:32.658678,23.5,49.5
2016-11-28 14:06:34.187013,23.5,50.70000076293945
2016-11-28 14:06:35.714534,23.5,53.20000076293945
2016-11-28 14:06:39.773164,23.5,53.900001525878906
2016-11-28 14:06:41.301674,23.5,54.599998474121094
2016-11-28 14:06:42.830192,23.5,54.79999923706055
2016-11-28 14:06:46.888547,23.5,55.099998474121094
2016-11-28 14:06:48.415655,23.5,55.20000076293945
2016-11-28 14:06:49.942772,23.5,55.20000076293945
2016-11-28 14:06:51.471227,23.600000381469727,54.79999923706055
2016-11-28 14:06:52.999623,23.600000381469727,54.70000076293945
2016-11-28 14:06:54.528143,23.5,53.79999923706055
2016-11-28 14:06:56.056612,23.600000381469727,53.599998474121094
2016-11-28 14:06:57.584869,23.5,52.29999923706055
2016-11-28 14:07:01.640872,23.600000381469727,51.20000076293945
2016-11-28 14:07:05.697359,23.600000381469727,51.099998474121094
2016-11-28 14:07:07.226071,23.5,49.900001525878906
2016-11-28 14:07:11.283053,23.5,49.79999923706055
2016-11-28 14:07:12.811846,23.600000381469727,49.5
2016-11-28 14:07:14.340666,23.5,49.400001525878906
2016-11-28 14:07:15.869465,23.5,49.20000076293945
2016-11-28 14:07:17.398126,23.600000381469727,49.099998474121094
2016-11-28 14:07:18.926624,23.5,48.900001525878906
2016-11-28 14:07:22.983519,23.5,48.79999923706055
2016-11-28 14:07:24.512130,23.5,49.0
2016-11-28 14:07:28.568991,23.5,49.0
2016-11-28 14:07:30.096276,23.600000381469727,49.099998474121094
2016-11-28 14:07:31.624872,23.600000381469727,49.400001525878906
2016-11-28 14:07:35.681684,23.5,49.599998474121094
2016-11-28 14:07:37.210362,23.5,49.70000076293945
2016-11-28 14:07:38.739011,23.600000381469727,49.900001525878906
2016-11-28 14:07:40.266211,23.5,49.70000076293945
2016-11-28 14:07:44.326544,23.5,49.400001525878906
2016-11-28 14:07:48.383304,23.600000381469727,49.599998474121094
2016-11-28 14:07:49.911984,23.5,49.599998474121094
2016-11-28 14:07:51.440524,23.5,50.20000076293945
2016-11-28 14:07:55.500911,23.600000381469727,50.29999923706055
2016-11-28 14:08:02.086221,23.5,49.70000076293945
2016-11-28 14:08:08.671544,23.5,49.79999923706055
2016-11-28 14:08:10.199048,23.5,49.70000076293945
2016-11-28 14:08:14.260046,23.5,49.79999923706055
2016-11-28 14:08:15.789190,23.5,50.0
2016-11-28 14:08:17.318260,23.5,50.099998474121094
2016-11-28 14:08:18.851923,23.5,50.20000076293945
2016-11-28 14:08:20.380186,23.5,50.599998474121094
2016-11-28 14:08:24.437606,23.5,50.900001525878906
2016-11-28 14:08:25.966753,23.5,51.0
2016-11-28 14:08:27.495754,23.5,51.0
2016-11-28 14:08:31.552385,23.5,51.0
2016-11-28 14:08:33.081459,23.5,51.099998474121094
2016-11-28 14:08:34.610578,23.5,51.20000076293945
2016-11-28 14:08:36.139303,23.600000381469727,51.20000076293945
2016-11-28 14:08:37.668016,23.5,50.29999923706055
2016-11-28 14:08:46.792744,23.600000381469727,50.20000076293945
2016-11-28 14:08:48.321538,23.5,49.099998474121094
2016-11-28 14:08:57.438589,23.5,49.099998474121094
2016-11-28 14:08:58.965956,23.5,48.900001525878906
2016-11-28 14:09:00.498453,23.5,48.900001525878906
2016-11-28 14:09:02.027192,23.5,48.79999923706055
2016-11-28 14:09:03.555690,23.5,48.70000076293945
2016-11-28 14:09:07.611369,23.5,48.70000076293945
2016-11-28 14:09:09.140177,23.5,48.70000076293945
2016-11-28 14:09:10.669199,23.5,48.70000076293945
2016-11-28 14:09:12.198328,23.5,48.70000076293945
2016-11-28 14:09:16.259134,23.5,48.79999923706055
2016-11-28 14:09:17.790225,23.5,48.70000076293945
2016-11-28 14:09:19.317760,23.5,48.900001525878906
2016-11-28 14:09:36.022872,23.5,48.900001525878906
2016-11-28 14:09:40.077645,23.5,48.79999923706055
2016-11-28 14:09:45.808262,23.5,48.599998474121094
2016-11-28 14:09:57.446483,23.5,48.599998474121094
2016-11-28 14:09:59.000640,23.5,48.29999923706055
2016-11-28 14:10:05.592573,23.5,48.29999923706055
2016-11-28 14:10:07.119932,23.5,48.099998474121094
2016-11-28 14:10:26.344773,23.5,48.0
2016-11-28 14:10:30.399918,23.5,48.0
2016-11-28 14:10:34.459249,23.5,48.099998474121094
2016-11-28 14:10:35.987056,23.5,50.0
2016-11-28 14:10:42.595892,23.5,50.5
2016-11-28 14:10:50.646645,23.5,51.70000076293945
2016-11-28 14:10:52.173891,23.5,52.5
2016-11-28 14:10:56.230998,23.5,52.5
2016-11-28 14:11:00.286310,23.5,52.20000076293945
2016-11-28 14:11:01.813557,23.5,51.70000076293945
2016-11-28 14:11:03.340733,23.600000381469727,51.400001525878906
2016-11-28 14:11:04.867688,23.5,50.5
2016-11-28 14:11:11.904157,23.5,49.70000076293945
2016-11-28 14:11:13.646826,23.5,49.5
2016-11-28 14:11:17.705423,23.5,49.0
2016-11-28 14:11:21.762455,23.5,48.70000076293945
2016-11-28 14:11:23.289878,23.5,48.599998474121094
2016-11-28 14:11:27.348295,23.5,48.5
2016-11-28 14:11:46.017539,23.5,48.70000076293945
2016-11-28 14:11:47.747709,23.5,48.5
2016-11-28 14:13:58.786450,23.5,48.5
2016-11-28 14:14:00.515627,23.399999618530273,48.599998474121094
2016-11-28 14:14:02.069774,23.399999618530273,48.599998474121094
2016-11-28 14:14:03.600231,23.399999618530273,48.599998474121094
2016-11-28 14:14:07.657348,23.399999618530273,48.5
2016-11-28 14:14:11.713360,23.399999618530273,48.5
2016-11-28 14:14:13.242470,23.399999618530273,48.400001525878906
2016-11-28 14:14:17.302806,23.399999618530273,48.400001525878906
2016-11-28 14:14:18.830141,23.399999618530273,48.400001525878906
2016-11-28 14:14:20.357866,23.399999618530273,48.400001525878906
2016-11-28 14:14:21.886249,23.5,48.400001525878906
2016-11-28 14:14:23.433065,23.5,48.400001525878906
2016-11-28 14:14:24.961818,23.399999618530273,48.400001525878906
2016-11-28 14:14:26.491386,23.5,48.400001525878906
2016-11-28 14:14:28.019626,23.399999618530273,48.400001525878906
2016-11-28 14:14:29.547184,23.5,48.29999923706055
2016-11-28 14:14:33.605554,23.399999618530273,48.29999923706055
2016-11-28 14:14:37.660410,23.5,48.29999923706055
2016-11-28 14:14:39.187161,23.399999618530273,48.29999923706055
2016-11-28 14:15:08.999191,23.399999618530273,48.5
2016-11-28 14:15:20.949866,23.399999618530273,50.70000076293945
2016-11-28 14:15:22.479250,23.399999618530273,51.0
2016-11-28 14:15:29.063550,23.399999618530273,51.0
2016-11-28 14:15:30.591065,23.399999618530273,50.599998474121094
2016-11-28 14:15:32.120518,23.399999618530273,50.0
2016-11-28 14:15:36.178103,23.399999618530273,49.79999923706055
2016-11-28 14:15:37.707326,23.399999618530273,49.400001525878906
2016-11-28 14:15:41.762188,23.5,49.20000076293945
2016-11-28 14:15:43.289694,23.399999618530273,49.099998474121094
2016-11-28 14:15:44.817355,23.5,48.900001525878906
2016-11-28 14:15:48.874759,23.5,48.599998474121094
2016-11-28 14:15:50.404209,23.5,48.5
2016-11-28 14:15:51.933703,23.5,48.70000076293945
2016-11-28 14:15:55.991677,23.5,48.79999923706055
2016-11-28 14:15:57.519318,23.5,49.099998474121094
2016-11-28 14:15:59.047186,23.5,48.400001525878906
2016-11-28 14:16:15.750757,23.5,48.29999923706055
2016-11-28 14:16:17.278514,23.5,48.20000076293945
2016-11-28 14:16:23.861617,23.399999618530273,48.20000076293945
2016-11-28 14:16:25.388243,23.5,48.20000076293945
2016-11-28 14:16:31.972799,23.5,48.20000076293945
2016-11-28 14:16:38.559336,23.5,48.29999923706055
2016-11-28 14:16:47.678743,23.5,48.400001525878906
2016-11-28 14:16:49.207966,23.5,48.5
2016-11-28 14:16:58.325705,23.5,48.29999923706055
2016-11-28 14:17:04.909491,23.5,48.29999923706055
2016-11-28 14:17:08.965525,23.5,48.29999923706055
2016-11-28 14:17:13.022392,23.5,48.29999923706055
2016-11-28 14:17:14.551843,23.5,48.20000076293945
2016-11-28 14:17:16.080978,23.5,48.20000076293945
2016-11-28 14:17:20.141917,23.5,48.20000076293945
2016-11-28 14:17:21.669473,23.5,48.20000076293945
2016-11-28 14:17:26.830146,23.5,48.099998474121094
2016-11-28 14:17:33.421547,23.399999618530273,48.099998474121094
2016-11-28 14:17:37.480525,23.399999618530273,48.099998474121094
2016-11-28 14:17:39.011027,23.399999618530273,48.29999923706055
2016-11-28 14:18:02.959507,23.399999618530273,48.599998474121094
2016-11-28 14:18:04.487095,23.399999618530273,48.79999923706055
2016-11-28 14:18:08.541928,23.5,48.900001525878906
2016-11-28 14:18:12.598547,23.399999618530273,48.900001525878906
2016-11-28 14:18:14.126118,23.5,48.79999923706055
2016-11-28 14:18:18.182519,23.5,48.79999923706055
2016-11-28 14:18:19.710140,23.5,48.70000076293945
2016-11-28 14:18:21.238604,23.399999618530273,48.70000076293945
2016-11-28 14:18:22.767765,23.399999618530273,48.599998474121094
2016-11-28 14:18:26.827041,23.5,48.599998474121094
2016-11-28 14:18:28.354654,23.5,48.599998474121094
2016-11-28 14:18:32.410177,23.5,48.5
2016-11-28 14:18:36.466475,23.399999618530273,48.5
2016-11-28 14:18:40.523918,23.399999618530273,48.400001525878906
2016-11-28 14:18:44.579630,23.399999618530273,48.400001525878906
2016-11-28 14:18:48.634683,23.399999618530273,48.400001525878906
2016-11-28 14:18:52.689385,23.399999618530273,48.400001525878906
2016-11-28 14:18:54.216925,23.5,48.5
2016-11-28 14:19:01.445178,23.399999618530273,48.5
2016-11-28 14:19:03.789848,23.5,48.5
2016-11-28 14:19:05.317484,23.5,48.599998474121094
2016-11-28 14:19:09.373100,23.5,49.099998474121094
2016-11-28 14:19:27.202336,23.399999618530273,48.79999923706055
2016-11-28 14:19:35.583141,23.399999618530273,48.70000076293945
